brand_generic_id,brand_generic_gid,brand_generic_name
,G1,[5 Aminosalicylic Acid]
,G1084,[5-Fluorouracil]
,G2,[Abacavir ; Lamivudine ; Zidovudine]
,G3,[Acarbose]
,G4,[Aceclofenac]
,G5,[Acemetacin]
,G6,[Acetazolamide]
,G8,[Acetylcysteine]
,G9,[Acitretin]
,G10,[Activated Charcoal]
,G12,[Acyclovir 3%]
,G13,[Acyclovir 5%]
,G11,[Acyclovir]
,G15,[Adapalene ; Benzoyl Peroxide]
,G14,[Adapalene 0.1%]
,G16,[Adapalene 0.3%]
,G17,[Adefovir Dipivoxil]
,G20,[Adenosine ; Cytochrome C ; Nicotinamide ; Sodium Succinate :(EP)]
,G19,[Adenosine]
,G22,[Adrenaline ; Lidocaine Hydrochloride]
,G21,[Adrenaline]
,G23,[Adrenochrome Monosemicarbazone]
,G25,[Albendazole]
,G1088,[Albumin Human 20%]
,G1089,[Albumin Human 25%]
,G1087,[Albumin Human 5%]
,G1403,[Alcaftadine]
,G27,[Alendronic Acid ; Vitamin D3]
,G26,[Alendronic Acid]
,G1090,[Alfacalcidol]
,G28,[Alfuzosin]
,G1091,[Aliskiren Hemifumarate ; Hydrochlorothiazide]
,G29,[Aliskiren]
,G30,[Allopurinol]
,G31,[Allylestrenol]
,G32,[Almitrine Bismesylate ; Raubasine]
,G33,[Almotriptan]
,G1083,[Alpha Ketoanalogues & Essential amino acids]
,G34,[Alprazolam]
,G35,[Aluminium Chloride Hexahydrate]
,G37,[Aluminium Hydroxide ; Magnesium Hydroxide ; Simethicon]
,G36,[Aluminium Hydroxide ; Magnesium Hydroxide]
,G38,[Aluminium Hydroxide ; Magnesium Trisilicate]
,G1345,[Aluminium Hydroxide]
,G40,[Aluminium Oxide ; Magnesium Hydroxide ; Simethicon]
,G39,[Aluminium Oxide ; Magnesium Hydroxide]
,G41,[Aluminium Oxide ; Magnesium Trisilicate]
,G42,[Alverine Citrate]
,G43,[Amantadine Hydrochloride]
,G44,[Ambroxol]
,G45,[Amikacin]
,G46,[Amiloride Hydrochloride ; Hydrochlorothiazide]
,G47,[Amino Acids 5 % & 10%]
,G48,[Amino Acids 7 % ; Glucose and Electrolytes 10 %]
,G49,[Aminocaproic Acid]
,G50,[Aminophylline]
,G51,[Amiodarone Hydrochloride]
,G52,[Amitriptyline Hydrochloride]
,G53,[Amlexanox]
,G55,[Amlodipine ;  Atenolol]
,G56,[Amlodipine ; Atorvastatin]
,G57,[Amlodipine ; Benazepril Hydrochloride]
,G58,[Amlodipine ; Olmesartan Medoxomil]
,G59,[Amlodipine ; Telmisartan]
,G60,[Amlodipine ; Valsartan]
,G54,[Amlodipine]
,G65,[Amoxicillin :(Pedriatric Dose)]
,G62,[Amoxicillin ; Clarithromycin ; Lansoprazole]
,G63,[Amoxicillin ; Clarithromycin ; Rabeprazole Sodium]
,G64,[Amoxicillin ; Clavulanic Acid]
,G61,[Amoxicillin]
,G67,[Ampicillin]
,G68,[Anastrozol]
,G70,[Anhydrous Glucose ; Potassium Chloride ; Sodium Chloride ; Sodium Bicarbonate]
,G71,[Antazoline Hydrochloride ; Tetryzoline Hydrochloride]
,G1095,[Antihemophilic Factor VIII]
,G72,[Aripiprazole]
,G74,[Artemether ; Lumefantrine]
,G73,[Artemether]
,G75,[Artesunate]
,G76,[Articaine Hydrochloride ; Epinephrine]
,G92,[Aspartame]
,G94,[Aspirin ; Clopidogrel]
,G93,[Aspirin]
,G95,[Astaxanthin]
,G97,[Atenolol ; Chlorthalidone]
,G98,[Atenolol ; Nifedipine]
,G96,[Atenolol]
,G99,[Atomoxetine]
,G100,[Atorvastatin]
,G101,[Atracurium Besylate]
,G103,[Atropine Sulphate 1%]
,G102,[Atropine Sulphate]
,G104,[Avobenzone 2% ; Oxybenzone 3% ; Padimate O 8% ; Titanium dioxide]
,G1096,[Azathioprine]
,G105,[Azelaic Acid 20%]
,G106,[Azelastin Hydrochloride :(NP)]
,G108,[Azithromycin 1% :(ED)]
,G107,[Azithromycin]
,G109,[Aztreonam]
,G1371,[Bacitracin Zinc ; Neomycin Sulphate :(EP)]
,G111,[Bacitracin Zinc ; Neomycin Sulphate ; Polymixin B :(EP)]
,G110,[Bacitracin Zinc ; Neomycin Sulphate ; Polymixin B]
,G112,[Bacitracin Zinc ; Neomycin Sulphate]
,G113,[Bacitracin Zinc ; Polymixin B Sulphate :(EP)]
,G114,[Baclofen]
,G115,[Bambuterol Hydrochloride]
,G116,[Barium Sulphate]
,G1098,[Basiliximab]
,G118,[Beclomethasone Dipropionate :(NP)]
,G117,[Beclomethasone Dipropionate]
,G119,[Benzathine Penicillin]
,G123,[Benzocaine ; Oxytetracycline ; Polymiyxin B :(EP)]
,G120,[Benzocaine]
,G124,[Benzoic Acid 6% ; Salicylic Acid 3%]
,G1100,[Benzoyl Peroxide 4%]
,G126,[Benzoyl Peroxide 5%]
,G125,[Benzoyl Peroxide]
,G129,[Benzyl Benzoate 25%]
,G131,[Benzyl Penicillin ; Procaine Penicillin]
,G130,[Benzyl Penicillin]
,G132,[Bepotastine Besilate 1.5% :(EP)]
,G133,[Besifloxacin 0.6% :(EP)]
,G136,[Betacarotene ; Vitamin C ; Vitamin E]
,G1101,[Betahistine Dihydrochloride]
,G137,[Betahistine Mesilate]
,G149,[Betamethasone  0.1% ; Neomycin Sulphate 0.5 :(E/EP)]
,G140,[Betamethasone 0.05% ; Calcipotriol 0.005%]
,G141,[Betamethasone 0.05% ; Clotrimazole 1% :(TP)]
,G143,[Betamethasone 0.05% ; Lidocaine Hydrochloride 2.5% ; Phenylephrine Hydrochloride 0.1%]
,G144,[Betamethasone 0.05% ; Salicylic Acid 2%]
,G146,[Betamethasone 0.1% ; Clotrimazole 1% :(TP)]
,G147,[Betamethasone 0.1% ; Fusidic Acid 2% :(TP)]
,G148,[Betamethasone 0.1% ; Neomycin Sulphate 0.5% :(TP)]
,G145,[Betamethasone 0.1%]
,G139,[Betamethasone valerate 0.01% :(TP)]
,G1315,[Betamethasone valerate 0.05% :(TP)]
,G138,[Betamethasone]
,G150,[Betaxolol 0.25% :(EP)]
,G151,[Betaxolol 0.5% :(EP)]
,G1102,[Bevacizumab]
,G155,[Bisacodyl]
,G157,[Bisoprolol ; Hydrochlorothiazide]
,G1104,[Bisoprolol]
,G1105,[Bleomycin]
,G159,[Boric Acid 2% ; Dithranol 0.1% ; Salicylic Acid 1%]
,G161,[Bosentan]
,G162,[Brimonidine Tartrate 0.2 % :(EP)]
,G163,[Brimonidine Tartrate 0.2% ; Timolol Maleate 0.5% :(EP)]
,G1107,[Brinzolamide 1% :(EP)]
,G164,[Bromazepam]
,G1378,[Bromelain ; Trypsin]
,G165,[Bromfenac Sodium 0 .09 % :(EP)]
,G166,[Bromhexine Hydrochloride]
,G1108,[Bromocriptine]
,G168,[Budesonide ; Formoterol Fumarate]
,G500,[Formoterol Fumarate]
,G169,[Budesonide 0.1% :(NP)]
,G167,[Budesonide]
,G170,[Bumetanide]
,G172,[Bupivacaine ; Dextrose]
,G171,[Bupivacaine]
,G1342,[Bupropion Hydrochloride]
,G174,[Buspirone]
,G1109,[Busulphan]
,G175,[Butamirate Citrate]
,G176,[Butenafine 1 %]
,G177,[Cabergoline]
,G178,[Caffeine ; Ergotamine Tartrate]
,G180,[Calamine 15% ; Zinc Oxide 5%]
,G1111,[Calcipotriol]
,G181,[Calcitriol]
,G82,[Calcium ; Vitamin (D3 ; C ; E) ; Minerals]
,G160,[Calcium ; Vitamin D ; Minerals]
,G183,[Calcium ; Vitamin D3]
,G1386,[Calcium 600 mg ; Vitamin D 400 IU]
,G184,[Calcium Acetate]
,G83,[Calcium Carbonate ; Calcium Gluconate ; Vitamin-C]
,G186,[Calcium Carbonate ; Calcium Lactate Gluconate ;  Vitamin-C ; Vitamin D3]
,G187,[Calcium Carbonate Chewable]
,G185,[Calcium Carbonate]
,G193,[Calcium Chloride  ; Dextrose Anhydrous ; Magnessium Chloride  ; Sodium Acetate ; Sodium Chloride ]
,G194,[Calcium Chloride  ; Glacial Acetic Acid  ; Magnessium Chloride  ; Potassium Chloride  ;  Sodium Chloride]
,G192,[Calcium Chloride  ; Potassium Chloride ; Sodium Chloride]
,G191,[Calcium Chloride .514 % ; Magnessium Chloride .356 ; Potassium Chloride .521 % ; Sodium Acetate 18.088 % ; Sodium Chloride 19.84 %]
,G188,[Calcium Chloride ; Dextrose Anhydrous ; Potassium]
,G189,[Calcium Chloride ; Magnessium Chloride ; Potassium chloride ; Sodium chloride ; Sodium acetate ; Sodium citrate]
,G190,[Calcium Chloride ; Potassium Chloride ; Sodium Chloride ; Sodium Lactate]
,G1389,[Calcium Citrate ; Calcitriol]
,G195,[Calcium Gluconate]
,G196,[Calcium Lactate]
,G197,[Calcium Orotate]
,G198,[Calcium Pantothenate]
,G200,[Camphor  ; Menthol ; Oil Eucalyptus ; Thymol]
,G199,[Camphor 2.5% ; Menthol 2% ; Oil Clove 2.5% ; Oil Eucalyptus]
,G202,[Candesartan Cilexetil ; Hydrochlorothiazide]
,G201,[Candesartan Cilexetil]
,G203,[Capecitabine]
,G1334,[Caprylic ; Capric Triglyceride]
,G204,[Capsaicin 0.025%]
,G205,[Captopril]
,G206,[Carbamazepine]
,G207,[Carbidopa ; Entacapone ; Levodopa]
,G208,[Carbidopa ; Levodopa]
,G209,[Carbimazole]
,G210,[Carbocisteine]
,G1363,[Carbonyl Iron ; Folic acid ; Vitamin B complex ; Vitamin C ; Zinc]
,G213,[Carbonyl Iron ; Folic Acid ; Zinc]
,G212,[Carbonyl Iron ; Folic Acid]
,G214,[Carboplatin]
,G215,[Carboxymethylcellulose Sodium ;  Glycerine  :(EP)]
,G1402,[Carboxymethylcellulose Sodium 0.25% ; Hypromellose 0.3% :(EP)]
,G217,[Carvedilol]
,G218,[Cefaclor]
,G219,[Cefadroxil]
,G220,[Cefdinir]
,G221,[Cefditoren]
,G222,[Cefepime]
,G223,[Cefetamet Pivoxil Hydrochloride]
,G224,[Cefixime]
,G225,[Cefotaxime]
,G227,[Cefpirome]
,G229,[Cefpodoxime ; Clavulanic Acid]
,G228,[Cefpodoxime]
,G230,[Cefprozil]
,G231,[Ceftazidime]
,G1387,[Ceftibuten]
,G232,[Ceftriaxone]
,G234,[Cefuroxime ; Clavulanic Acid]
,G233,[Cefuroxime]
,G235,[Celecoxib]
,G236,[Celiprolol Hydrochloride]
,G237,[Cephalexin]
,G238,[Cephradine]
,G239,[Cetalkonium Chloride  ; Choline Salicylate]
,G240,[Cetirizine Dihydrochloride]
,G242,[Cetrimide  ; Chlorhexidine Gluconate]
,G241,[Cetrimide 0.5% ; Chlorhexidine Hydrochloride 0.1%]
,G1113,[Cetrorelix]
,G1114,[Chlorambucil]
,G248,[Chloramphenicol  :(ED)]
,G244,[Chloramphenicol 0.5%  :(EDs)]
,G245,[Chloramphenicol 0.5% ; Dexamethasone 0.1% :(E/EP)]
,G247,[Chloramphenicol 1%  :(EP)]
,G246,[Chloramphenicol 5% ; Lidocaine Hydrochloride 1% :(ED)]
,G243,[Chloramphenicol]
,G249,[Chlorhexidine Gluconate 0.2%]
,G252,[Chlorhexidine Gluconate 1 % :(OP)]
,G251,[Chlorhexidine Gluconate]
,G253,[Chloroquine Phosphate]
,G254,[Chloroxylenol 0.3% ; Triclosan 0.3%]
,G255,[Chloroxylenol 4.8%]
,G256,[Chlorpheniramine Maleate]
,G258,[Chlorpromazine Hydrochloride]
,G259,[Chlorthalidone]
,G260,[Cholecalciferol]
,G261,[Chondroitin ; Glucosamine]
,G1117,[Chorionic Gonadotrophin]
,G262,[Ciclesonide]
,G1384,[Ciclopirox Olamine :(TP)]
,G1331,[Ciclosporin]
,G263,[Cilastatin ; Imipenem]
,G264,[Cilostazol]
,G265,[Cimetidine]
,G266,[Cinacalcet]
,G267,[Cinchocaine Hydrochloride 0.5% ; Esculin 1% ; Hydrocortisone ; Neomycin Sulphate]
,G1358,[Cinchocaine Hydrochloride 1%]
,G269,[Cinnarizine ; Dimenhydrinate]
,G268,[Cinnarizine]
,G271,[Ciprofloxacin 0.3% :(E/EP)]
,G272,[Ciprofloxacin 0.3% ; Dexamethasone 0.1% :(E/EP)]
,G273,[Ciprofloxacin 0.3% ; Hydrocortisone Acetate 1% :(E/EP)]
,G270,[Ciprofloxacin]
,G274,[Cisplatin]
,G275,[Citalopram Hydrobromide]
,G276,[Citicoline]
,G277,[Citric Acid Monohydrate 5% ; Potassium Citrate 30%]
,G1349,[Clarithromycin ; Metronidazole ; Lansoprazol]
,G1118,[Clarithromycin]
,G1333,[Clindamycin ; Benzoyl Peroxide]
,G278,[Clindamycin 1%]
,G279,[Clindamycin 2% Vaginal preparation]
,G280,[Clindamycin Phosphate 1.2% ; Tretinoin 0.025% :(TP)]
,G1119,[Clindamycin]
,G281,[Clioquinol 1% ; Flumetasone Pivalate 0.02% Ear preparation]
,G282,[Clobazam]
,G284,"[Clobetasol Propionate 0.05% ; Neomycin Sulphate 0.5% ; Nystatin BP 1,00,000 IU.]"
,G285,[Clobetasol Propionate 0.05% ; Salicylic Acid 3%]
,G283,[Clobetasol Propionate 0.05%]
,G286,[Clobetasone butyrate 0.05% :(TP)]
,G287,[Clomiphene Citrate]
,G288,[Clomipramine Hydrocloride]
,G289,[Clonazepam]
,G290,[Clonidine Hydrochloride]
,G291,[Clopidogrel]
,G1120,[Clostridium Botulinum Toxin Type A Neurotoxin]
,G1369,[Clotrimazole 1% :(EP)]
,G1368,[Clotrimazole 1% :(TP)]
,G1317,[Clotrimazole 1% ; Hydrocortisone 1%]
,G293,[Clotrimazole 1%]
,G292,[Clotrimazole VT]
,G294,[Cloxacillin]
,G295,[Clozapine]
,G1314,[Coal Tar]
,G297,[Cod Liver Oil (Vitamin A ; D ; E)]
,G298,[Cod Liver Oil 30.5%]
,G1352,[Coenzyme Q 10]
,G299,[Colchicine]
,G300,[Conjugated Oestrogens]
,G303,[Crotamiton  ; Permethrin]
,G302,[Crotamiton 10%]
,G1123,[Crystalline Mitomycin-C]
,G305,[Cyanocobalamin ; Elemental Iron ; Folic Acid]
,G304,[Cyanocobalamin]
,G308,[Cyclobenzaprine Hydrochloride]
,G309,[Cyclopentolate Hydrochloride 1% :(EP)]
,G1124,[Cyclophosphamide]
,G311,[Cyclosporine 0.05% :(EP)]
,G310,[Cyclosporine]
,G1328,[Cyproheptadine HCI]
,G312,[Cyproterone Acetate ; Ethinylestradiol]
,G1125,[Cytarabine]
,G1126,[Dalteparin Sodium]
,G314,[Danazol]
,G1390,[Dantrolene Sodium]
,G1344,[Dapoxetine]
,G315,[Dapsone]
,G316,[Darifenacin]
,G1128,[Deferasirox]
,G318,[Deferiprone]
,G1380,[Deflazacort]
,G1335,[Denosumab]
,G320,[Desferrioxamine Mesilate]
,G322,[Desloratadine ; Pseudoephedrine Sulphate]
,G321,[Desloratadine]
,G323,[Desogestrel ; Ethinylestradiol]
,G1129,[Desogestrel]
,G324,[Desonide 0.05%]
,G1392,[Desvenlafaxine]
,G1410,[Dexamethasone ; Neomycin ; Polymyxin B]
,G325,[Dexamethasone 0.05% :(EP)]
,G328,[Dexamethasone 0.1% :(E/EP)]
,G327,[Dexamethasone 0.1% :(EP)]
,G329,[Dexamethasone 0.1% ; Gatifloxacin 0.3%]
,G326,[Dexamethasone 0.1% ; Neomycin 0.35% ; Polymixin B :(EP)]
,G1372,[Dexamethasone 0.1% ; Tobramycin 0.3% :(EP)]
,G330,[Dexamethasone Sodium Phosphate]
,G1130,[Dexamethasone]
,G331,[Dexibuprofen]
,G332,[Dexketoprofen]
,G333,[Dexlansoprazole]
,G334,[Dextran 40 10% ; Dextrose 5%]
,G335,[Dextran 40 10% ; Sodium Chloride 0.9%]
,G336,[Dextran 70 ; Sodium Chloride]
,G337,[Dextran 70 0.1% ; Hypromellose 0.3% :(EP)]
,G338,[Dextran 70 0.2% ; Hypromellose 0.2% :(EP)]
,G340,[Dextromethorphan ; Pseudoephedrine Hydrochloride ; Triprolidine Hydrochloride]
,G341,[Dextromethorphan Hydrobromide]
,G345,[Dextrose 10% ; Sodium Chloride 0.225%]
,G343,[Dextrose 10%]
,G347,[Dextrose 20%]
,G348,[Dextrose 25%]
,G349,[Dextrose 30%]
,G350,[Dextrose 4.3% ; Sodium Chloride 0.18%]
,G353,[Dextrose 5% ; Sodium Chloride 0.225%]
,G355,[Dextrose 5% ; Sodium Chloride 0.45%]
,G356,[Dextrose 5% ; Sodium Chloride 0.9%]
,G351,[Dextrose 5%]
,G357,[Dextrose 50%]
,G358,[Dextrose Anhydrous ; Fructose ; Potassium Chloride ; Sodium Bicarbonate ; Sodium Chloride ; Sucrose]
,G359,[Dextrose Anhydrous ; Potassium Chloride ; Sodium citrate ;  Sodium chloride]
,G1408,[Dextrose anhydrous ; Sodium chloride ; Sodium acetate trihydrate ; Calcium chloride dihydrate ;  Magnesium chloride hexahydrate]
,G361,[Diacerein ; Glucosamine Sulphate]
,G362,[Diazepam]
,G364,[Diclofenac ; Lidocaine Hydrochloride]
,G365,[Diclofenac Potassium]
,G367,[Diclofenac Sodium ; Misoprostol]
,G368,[Diclofenac Sodium 0.1% :(EP)]
,G369,[Diclofenac Sodium 1% :(TP)]
,G366,[Diclofenac Sodium]
,G370,[Dicloxacillin]
,G371,[Dicycloverine Hydrochloride]
,G372,[Diethylcarbamazine Citrate]
,G373,[Diflorasone Diacetate 0.05% :(TP)]
,G374,[Difluprednate :(EP)]
,G375,[Digoxin]
,G376,[Diloxanide Furoate]
,G377,[Diltiazem Hydrochloride]
,G379,[Diosmin ; Hesperidin]
,G380,[Dioxybenzone 0.3% ; Hydroquinone 0.4% ; Octyldimet p-aminobenzoate 0.8% ; Oxybenzone 0.2%]
,G382,[Diphenhydramine Hydrochloride 2% ; Zinc Acetate 0.1% :(TP)]
,G381,[Diphenhydramine Hydrochloride]
,G1132,[Diphtheria Toxoid 30IU ; Tetanus Toxoid 60IU ; Pertusis ; Hepatitis B]
,G1135,[Diphtheria toxoids ; tetanus toxoids ; pertussis toxoid ; inactivated Poliomyelitis virus ; Haemophilus influenzae]
,G1134,[Diptheria ; tetanus ; pertussis ; hepatitis B ; inactivated polio vaccine ; Haemophilus influenza]
,G384,[Disodium Hydrogen Phosphate Dodecahydrate 24% ; Sodium Dihydrogen Phosphate Dihydrate 54.22%]
,G385,[Disopyramide]
,G386,[Dithranol 1% :(TP)]
,G388,[Dobutamine]
,G389,[Docetaxel]
,G390,[Docosanol 10%]
,G1391,[Docusate Sodium]
,G391,[Domperidone]
,G392,[Donepezil Hydrochloride]
,G393,[Dopamine Hydrochloride]
,G394,[Doripenem]
,G395,[Dorzolamide 2% ; Timolol 0.5% :(EP)]
,G397,[Doxepin 5% :(TP)]
,G396,[Doxepin]
,G1399,[Doxofylline]
,G1136,[Doxorubicin Hydrochloride]
,G398,[Doxycycline]
,G399,[Doxylamine Succinate]
,G400,[Drospirenone ; Ethinylestradiol]
,G401,[Drotaverine Hydrochloride]
,G402,[Duloxetine]
,G403,[Dutasteride]
,G1137,[Dydrogesterone]
,G404,[Ebastine]
,G407,[Econazole Nitrate 1% ; Triamcinolone Acetonide 0.1 :(TP)]
,G406,[Econazole Nitrate 1%]
,G405,[Econazole Nitrate Vaginal preparation]
,G408,[Efavirenz]
,G409,[Elemental Iron (carbonyl iron) ; Folic Acid]
,G410,[Elemental Iron (Iron Polymaltose Complex) ; Folic Acid ; Zinc ; Vitamin B-Complex]
,G597,[Elemental Iron (Iron sucrose)]
,G411,[Elemental Iron ; Folic Acid ; Vitamin C ; Zinc]
,G1337,[Eltrombopag Olamine]
,G1312,[Emollient]
,G414,[Enalapril Maleate]
,G1140,[Enoxaparin Sodium]
,G416,[Entacapone]
,G418,[Entecavir 0.005%]
,G417,[Entecavir]
,G419,[Epalrestat]
,G420,[Eperisone Hydrochloride]
,G421,[Ephedrine Hydrochloride]
,G423,[Epinastine Hydrochloride 0.05% :(EP)]
,G1142,[Epirubicin Hydrochloride]
,G424,[Eplerenone]
,G1143,[Epoetin alfa]
,G1144,[Epoetin beta]
,G425,[Eptifibatide]
,G426,[Ergometrine Maleate]
,G427,[Erlotinib]
,G430,[Erythromycin solution]
,G429,[Erythromycin]
,G431,[Erythropoietin]
,G432,[Escitalopram]
,G1393,[Eslicarbazepine]
,G434,[Esomeprazole ; Naproxen]
,G433,[Esomeprazole Magnesium Trihydrate]
,G1364,[Esomeprazole Sodium]
,G436,[Estriol]
,G1146,[Estrogens]
,G437,[Eszopiclone]
,G439,[Ethambutol ; Isoniazid ; Pyrazinamide ; Rifampicin]
,G438,[Ethambutol]
,G440,[Ethinylestradiol ; Ferrous Fumarate ; Norgestrel]
,G441,[Ethinylestradiol ; Gestodene]
,G442,[Ethinylestradiol ; Levonorgestrel]
,G443,[Ethinylestradiol ; Lynestrenol]
,G444,[Ethosuximide]
,G445,[Etodolac]
,G446,[Etomidate]
,G447,[Etoposide]
,G448,[Etoricoxib]
,G449,[Eucalypytol 0.092% ; Menthol 0.042% ; Methyl SalicSalicylate 0.06% ; Thymol 0.064%]
,G450,[Everolimus]
,G451,[Ezetimibe]
,G1153,[Famciclovir INN]
,G452,[Famotidine]
,G453,[Febuxostat]
,G454,[Fenofibrate]
,G455,[Fentanyl]
,G456,[Fenticonazole Nitrate 2% :(TP)]
,G412,[Ferrous Ascorbate ; Folic Acid ; Zinc]
,G457,[Ferrous Ascorbate]
,G459,[Ferrous Fumarate ; Folic Acid]
,G458,[Ferrous Fumarate]
,G460,[Ferrous Gluconate]
,G464,[Ferrous Sulphate ; Folic Acid ; Zinc]
,G462,[Ferrous Sulphate ; Folic Acid]
,G461,[Ferrous Sulphate]
,G466,[Fexofenadine Hydrochloride ; Pseudoephedrine Hydrochloride]
,G465,[Fexofenadine Hydrochloride]
,G1154,[Filgrastim]
,G467,[Finasteride]
,G468,[Flavoxate Hydrochloride]
,G469,[Flucloxacillin]
,G471,[Fluconazole 0.2% IV]
,G472,[Fluconazole 0.3%  :(EP)]
,G470,[Fluconazole]
,G1156,[Flumazenil]
,G473,[Flunarizine]
,G474,[Fluocinolone 0.01% ; Hydroquinone 4% ; Tretinoin 0.05% :(TP)]
,G475,[Fluocinolone 0.025% ; Neomycin Sulphate 0.5% :(TP)]
,G477,[Fluocinolone Acetonide 0.025% :(TP)]
,G478,[Fluorescein Sodium 2% :(EP)]
,G479,[Fluormetholone 0.1% ; Neomycin Sulphate 0.5% :(EP)]
,G480,[Fluorometholone 0.1 % :(EP)]
,G481,[Fluorometholone 0.1% ; Gentamicin 0.3% :(EP)]
,G482,[Fluorometholone 0.1% ; Tetrahydrozoline Hydrochloride 0.025% :(EP)]
,G483,[Fluorometholone Acetate 0.1% :(EP)]
,G1157,[Fluorouracil]
,G484,[Fluoxetine]
,G486,[Flupenthixol ; Melitracen]
,G485,[Flupenthixol]
,G1158,[Flupentixol]
,G1159,[Fluphenazine Decanoate]
,G487,[Fluphenazine Hydrochloride ; Nortriptyline]
,G488,[Flurazepam]
,G489,[Flurbiprofen]
,G490,[Flutamide]
,G491,[Fluticasone Furoate :(NP)]
,G492,[Fluticasone Propionate :(NP)]
,G1271,[Fluticasone Propionate ; Salmeterol Xinafoate]
,G493,[Fluticasone Propionate 0.005% :(TP)]
,G494,[Fluticasone Propionate 0.05% :(TP)]
,G1160,[Fluvastatin]
,G495,[Fluvoxamine Maleate]
,G497,[Folic Acid ; Vitamin B6 ; Vitamin B12]
,G306,[Folic Acid ; Vitamin C ; Vitamin D3]
,G498,[Folic Acid ; Zinc]
,G496,[Folic Acid]
,G499,[Folinic Acid]
,G1161,[Follitropin Alfa]
,G1162,[Follitropin Beta]
,G1332,[Fondaparinux]
,G1379,[Framycetin sulfate :(EP)]
,G1324,[Framycetin sulfate]
,G501,[Fructose 10%]
,G503,[Frusemide ; Spironolactone]
,G502,[Frusemide]
,G1164,[Fucidic Acid ; Betamethasone :(TP)]
,G504,[Fusidic Acid 2% :(TP)]
,G505,[Fusidic Acid 2% ; Hydrocortisone Acetate 1% :(TP)]
,G1165,[Fusidic Acid]
,G506,[Gabapentin]
,G1166,[Gadodiamide]
,G507,[Galantamine]
,G1168,[Ganciclovir]
,G510,[Gatifloxacin :(EP)]
,G509,[Gatifloxacin]
,G1170,[Gemcitabine]
,G511,[Gemefloxacin]
,G512,[Gemfibrozil]
,G514,[Gentamicin 0.1% :(TP)]
,G515,[Gentamicin 0.3% :(E/EP)]
,G1370,[Gentamicin 0.3% :(TP)]
,G516,[Gentamicin 0.3% ; Hydrocortisone Acetate 1% :(EP)]
,G513,[Gentamicin]
,G517,[Gentian Violet]
,G518,[Glibenclamide]
,G519,[Gliclazide]
,G521,[Glimepiride ; Pioglitazone]
,G522,[Glimepiride ; Rosiglitazone]
,G520,[Glimepiride]
,G524,[Glipizide ; Metformin Hydrochloride]
,G523,[Glipizide]
,G525,[Glucosamine]
,G526,[Glycerine .75 ml ; Liquid Sugar 1.93 ml]
,G529,[Glycerol 0.2% ; Hypromellose 0.36% ; Polyethylene Glycol 400 1%]
,G528,[Glycerol]
,G530,[Glyceryl Trinitrate (nitroglycerine)]
,G531,[Glyceryl Trinitrate 0.4% (nitroglycerine )]
,G532,[Glycine 1.5% Irrigation solution]
,G533,[Glycopyrrolate 0.02%]
,G534,[Gramacidin ; Neomycin ; Polymixin B :(EP)]
,G535,[Gramicidin  ; Neomycin Sulphate ; Nystatin ; Triamcinolone Acetonide :(TP)]
,G536,[Granisetron]
,G537,[Griseofulvin]
,G538,[Guaiphenesin ; Pseudoephedrine Hydrochloride ; Triprolidine Hydrochloride]
,G1172,[Haemophilus Influenzae Type B Polysaccharide Vaccine]
,G539,[Halazone]
,G540,[Halcinonide 0.1% :(TP)]
,G541,[Halobetasol Propionate 0.05% :(TP)]
,G1361,[Halometasone 0.05% ; Triclosan 1%]
,G1360,[Halometasone]
,G542,[Haloperidol]
,G543,[Halothane 0.187%]
,G544,[Heparin Sodium]
,G1186,[Hepatitis A Virus]
,G1174,[Hepatitis B Vaccine (rDNA) BP]
,G1173,[Hepatits A Vaccine (HAV Antigen)]
,G545,[Homatropine Hydrobromide]
,G1176,[Human Albumin]
,G1177,[Human Anti-D Immunoglobulin]
,G1341,[Human chorionic gonadotrophin]
,G1336,[Human Milk Based Amino Acid]
,G1347,[Human normal Immunoglobulin]
,G1179,"[Human Papilloma virus Bivalent (Types 16 and 18) Vaccine, Recombinant]"
,G1180,"[Human Rota Virus, Live attenuated Vaccine]"
,G1181,[Hyaluronic Acid Sodium Salt P.F.S]
,G547,[Hydrochlorothiazide ; Irbesartan]
,G548,[Hydrochlorothiazide ; Losartan Potassium]
,G549,[Hydrochlorothiazide ; Olmesartan Medoxomil]
,G550,[Hydrochlorothiazide ; Ramipril]
,G551,[Hydrochlorothiazide ; Telmisartan]
,G552,[Hydrochlorothiazide ; Triamterene]
,G553,[Hydrochlorothiazide ; Valsartan]
,G546,[Hydrochlorothiazide]
,G1407,[hydrocortisone ; aesculin ; cinchocaine hydrochloride ; framycetin sulphate :(suppositor)]
,G557,[Hydrocortisone ; Neomycin Sulphate ; Polymixin B :(EP)]
,G555,[Hydrocortisone 1% :(TP)]
,G556,[Hydrocortisone 1% ; Miconazole Nitrate 2% :(TP)]
,G558,[Hydrocortisone Acetate 0.5% ; Neomycin Sulphate 0.5%]
,G559,[Hydrocortisone Acetate 2.5% ; Pramoxine 1% :(TP)]
,G554,[Hydrocortisone]
,G560,[Hydroquinone]
,G562,[Hydroxocobalamin]
,G563,[Hydroxychloroquine Sulphate]
,G565,[Hydroxyzine Hydrochloride]
,G566,[Hyoscine Butyl Bromide]
,G1365,[Hyoscine Hydro Bromide]
,G567,[Hypromellose 0.3 % :(EP)]
,G1353,[Hypromellose 0.3% ; Carbomer 0.22% :(EP)]
,G568,[Hypromellose 0.5 % :(EP)]
,G569,[Hypromellose 2% :(EP)]
,G570,[Ibandronic Acid]
,G571,[Ibuprofen]
,G572,[Idoxuridine 0.1% :(EP)]
,G573,[Ifosfamide]
,G574,[Imatinib]
,G575,[Imipramine Hydrochloride]
,G1184,[Immune Serum Globulin Human]
,G1356,[Immuno booster]
,G1187,[Indacaterol]
,G577,[Indapamide ; Perindopril Erbumine]
,G576,[Indapamide]
,G578,[Indomethacin]
,G1085,[Influenza vaccine inactivated (split virion)]
,G579,[Inositol nicotinate]
,G581,[Insulin (Human) N]
,G582,[Insulin (Human) R]
,G580,[Insulin (Human) Regular ; Insulin (Human) Isophane (pre mixed)]
,G1189,[Insulin Aspart Biphasic]
,G1188,[Insulin Aspart]
,G1394,[Insulin Degludec]
,G1190,[Insulin Detemir]
,G1191,[Insulin Glargine]
,G1192,[Insulin Glulisine]
,G1396,[Insulin Lispro (25%/50%) ; Insulin Lispro Protamine (75%/50%) mix]
,G583,[Insulin Lispro]
,G584,[Interferon Alpha-2a]
,G585,[Iodine]
,G589,[Iohexol]
,G590,[Iopamidol]
,G1373,[Ipratropium Bromide :(NP)]
,G593,[Ipratropium Bromide ; Salbutamol]
,G594,[Ipratropium Bromide 0.04% ; Salbutamol 0.12%]
,G592,[Ipratropium Bromide]
,G595,[Irbesartan]
,G1195,[Irinotecan Hydrochloride Trihydrate]
,G1196,[Iron (III)-Hydroxide Dextran Complex]
,G463,[Iron ;  Folic Acid ; Vitamin B  ;  Vitamin C]
,G90,[Iron ; Folic acid ; B Complex ; Vitamin C ; Zinc]
,G91,[Iron ; Folic Acid ; Zinc ; Vitamin A ; Vitamin C]
,G596,[Iron Hydroxide Polymaltose]
,G413,[Iron Polymaltose ; Vitamin B Complex ; Zinc]
,G1411,[Iron Sucrose]
,G598,[Isoflurane]
,G600,[Isoniazid ; Pyrazinamide ; Rifampicin]
,G601,[Isoniazid ; Rifampicin]
,G599,[Isoniazid]
,G603,[Isopropamide ; Trifluoperazine]
,G604,[Isosorbide Dinitrate]
,G605,[Isosorbide Mononitrate]
,G606,[Isotretinoin 0.05% :(TP)]
,G1197,[Isotretinoin]
,G607,[Ispaghula Husk]
,G1357,[Isradipine]
,G608,[Itraconazole]
,G609,[Ivabradine]
,G610,[Ivermectin]
,G1198,[Ketamine]
,G611,"[Ketoconazole 1.9%, 2%]"
,G1322,[Ketoconazole]
,G612,[Ketoprofen 2.5% :(TP)]
,G1199,[Ketoprofen]
,G614,[Ketorolac Tromethamine 0.5% :(EP)]
,G615,[Ketorolac Tromethamine 15.8% :(NP)]
,G613,[Ketorolac Tromethamine]
,G617,[Ketotifen 0.25 % :(EP)]
,G616,[Ketotifen]
,G619,[Labetalol Hydrochloride]
,G620,[Lacidipine]
,G1323,[Lactic acid 5% ; Sodium PCA 2.5% :(TP)]
,G621,[Lactitol]
,G622,[Lactulose]
,G624,[Lamivudine ; Nevirapine ; Zidovudine]
,G625,[Lamivudine ; Zidovudine]
,G623,[Lamivudine]
,G626,[Lamotrigine]
,G627,[Lansoprazole]
,G1202,[Lapatinib]
,G628,[Latanoprost .005% ; Timolol 0.5% :(EP)]
,G629,[Latanoprost 0.005% :(EP)]
,G631,[Leflunomide]
,G1203,[Lenograstrim]
,G632,[Lercanidipine Hydrochloride]
,G1204,[Letrozole]
,G1205,[Leuprolide acetate 3.75mg ; Gelatin 0.65mg ; dl-lactic]
,G633,[Levamisole]
,G634,[Levetiracetam]
,G637,[Levobupivacaine Hydrochloride]
,G638,[Levocarnitine Syrup]
,G630,[Levocarnitine]
,G639,[Levocetirizine Hydrochloride]
,G640,[Levocetrizine Dihydrochloride 0.1%]
,G1211,[Levodopa 200mg ; Carbidopa 50mg ; Entacapone 200mg]
,G642,[Levofloxacin 0.5% :(EP)]
,G643,[Levofloxacin 1.5% :(EP)]
,G641,[Levofloxacin]
,G1206,[Levonorgestrel 0.15mg ; Ethinylestradiol 0.03mg]
,G635,[Levonorgestrel]
,G644,[Levosalbutamol]
,G646,[Lidocaine ; Prilocaine]
,G648,[Lidocaine Hydrochloride ; Tolperisone Hydrochloride]
,G650,[Lidocaine Hydrochloride 2%]
,G647,[Lidocaine Hydrochloride]
,G651,[Light Paraffin ; White Paraffin]
,G652,[Linagliptin]
,G654,[Linezolid 0.2%]
,G653,[Linezolid]
,G655,[Liquid Paraffin ; Magnesium Hydroxide]
,G1207,[Liraglutide]
,G656,[Lisinopril]
,G657,[Lithium Carbonate]
,G618,[L-Lysine HCl 15% :(TP)]
,G1201,[L-Norgestral ; Ethinyloestradiol]
,G659,[Lomefloxacin 0.3% :(E/EP)]
,G658,[Lomefloxacin]
,G660,[Lomustine]
,G661,[Loperamide]
,G663,[Loratadine ; Pseudoephedrine Hydrochloride]
,G662,[Loratadine]
,G664,[Lorazepam]
,G665,[Losartan Potassium]
,G666,[Loteprednol Etabonate 0.5% :(EP)]
,G667,[Loteprednol Etabonate 0.5% ; Tobramycin 0.3% :(EP)]
,G669,[Lubiprostone]
,G670,[Lynestrenol]
,G1395,[Macrogol ; Potassium Chloride ; Sodium Bicarbonate ; Sodium Chloride]
,G673,[Magaldrate ; Simethicone Chewable]
,G672,[Magaldrate ; Simethicone]
,G671,[Magaldrate]
,G674,[Magnesium Hydroxide]
,G676,[Magnesium Sulphate 4%]
,G675,[Magnesium Sulphate]
,G677,[Mannitol 20%]
,G678,[Maprotiline Hydrochloride]
,G679,[Mebendazole]
,G680,[Mebeverine Hydrochloride]
,G681,[Mebhydrolin]
,G683,[Meclizine Hydrochloride ; Pyridoxine Hydrochloride]
,G682,[Meclizine Hydrochloride]
,G684,[Mecobalamin]
,G1214,[Medroxyprogesterone Acetate]
,G685,[Mefenamic Acid]
,G686,[Mefloquine]
,G1215,[Megestrol Acetate]
,G687,[Melatonin]
,G688,[Meloxicam]
,G689,[Memantine Hydrochloride]
,G1217,[Meningococcal group]
,G1212,[Meningococcal polysaccharide ACWY Vaccine]
,G1218,[Meningococcal polysaccharide Serogroup ACWY Vaccine]
,G691,[Menthol 10% ; Methyl Salicylate 15% :(TP)]
,G692,[Menthol 10% ; Methyl Salicylate 30% :(TP)]
,G693,[Mepyramine Maleate 2% :(TP)]
,G694,[Mercaptopurine]
,G695,[Meropenem]
,G696,[Mesalazine]
,G697,[Mesna Disulfide]
,G698,[Metamizol]
,G700,[Metformin Hydrochloride ; Pioglitazone]
,G701,[Metformin Hydrochloride ; Rosiglitazone]
,G702,[Metformin Hydrochloride ; Sitagliptin]
,G703,[Metformin Hydrochloride ; Vildagliptin]
,G699,[Metformin Hydrochloride]
,G1220,[Methotrexate]
,G1093,[Methoxsalen]
,G1221,[Methoxy Polyethyelene Glycol-Epoetin Beta]
,G704,[Methyl Ergometrine Maleate]
,G708,[Methyldopa]
,G706,[Methylprednisolone Acetate]
,G707,[Methylprednisolone Sodium Succinate]
,G705,[Methylprednisolone]
,G710,[Metoclopramide Hydrochloride]
,G711,[Metolazone]
,G712,[Metoprolol Tartrate]
,G714,[Metronidazole ; Miconazole Nitrate Vag preparation]
,G715,[Metronidazole ; Neomycin Sulphate ; Nystatin ; Polmyxin B Vag preparation]
,G716,[Metronidazole 0.75% Vag preparation]
,G713,[Metronidazole]
,G717,[Miconazole 2% Oral]
,G1377,[Miconazole Nitrate 2% :(TP)]
,G718,[Miconazole Nitrate]
,G1313,[Microfine zinc oxide 15%]
,G719,[Midazolam]
,G1388,[Mifepristone ; Misoprostol]
,G720,[Mifepristone]
,G721,[Miglitol]
,G722,[Milnacipran Hydrochloride]
,G723,[Minoxidil 2%]
,G724,[Minoxidil 5%]
,G725,[Mirtazapine]
,G726,[Misoprostol]
,G1224,[Mitomycin]
,G727,[Mizolastine]
,G729,[Mometasone Furoate 0.1% :(TP)]
,G728,[Mometasone Furoate]
,G730,[Monosulfiram 25%]
,G731,[Montelukast]
,G732,[Morphine Sulphate]
,G735,[Moxifloxacin 0.5% :(EP)]
,G1413,[Moxifloxacin 0.5% + Xanthan Gum :(EP)]
,G734,[Moxifloxacin IV]
,G733,[Moxifloxacin]
,G77,[MultiVitamin ; Multimineral A-Z Gold]
,G154,"[MultiVitamin ; Multimineral A-Z preparationarations, B]"
,G153,"[MultiVitamin ; Multimineral A-Z preparationarations, G]"
,G78,[MultiVitamin ; Multimineral A-Z Silver]
,G79,[MultiVitamin ; Multimineral A-Z Syrup]
,G1383,"[MultiVitamin ; Multimineral, for Nursing mother]"
,G86,"[MultiVitamin ; Multimineral, Prenatal]"
,G760,"[MultiVitamin, for Paediatric]"
,G84,[MultiVitamins ; Multiminerals]
,G85,[MultiVitamins]
,G1208,"[Mumps, Rubella, Measles Vaccine]"
,G737,[Mupirocin 2% :(TP)]
,G1226,[Mycophenolate Mofetil]
,G738,[Nalbuphine Hydrochloride]
,G739,[Nalidixic Acid]
,G741,[Naltrexone]
,G742,[Nandrolone]
,G743,[Naphazoline Nitrate 0.005% ; Zinc Sulphate 0.02% :(EP)]
,G745,[Naproxen 10%]
,G744,[Naproxen]
,G746,[Natamycin 5%]
,G747,[Nateglinide]
,G748,[Nebivolol]
,G1227,[Nedocromil sodium]
,G749,[Nefopam Hydrochloride]
,G750,[Nelfinavir]
,G751,[Neomycin Sulphate 0.35% ; Polymixin B Sulphate 0.127% ; Prednisolone 0.5% :(EP)]
,G752,[Neomycin Sulphate 0.4% ; Polymixin B Sulphate ; Pramoxine 1% :(TP)]
,G754,[Neomycin Sulphate 0.5% ; Prednisolone 0.5% :(E/EP)]
,G1228,[Neostigmine Methyl Sulphate]
,G755,[Nepafenac 0.1% :(EP)]
,G757,[Niacin]
,G759,[Nicorandil]
,G763,[Nifedipine]
,G764,[Nikethamide]
,G1229,[Nilotinib]
,G1351,[Nimesulide]
,G765,[Nimodipine]
,G766,[Nitazoxanide]
,G767,[Nitrazepam]
,G768,[Nitrofurantoin]
,G769,[Nitrofurazone 0.2% :(TP)]
,G773,[Norethisterone]
,G774,[Norgestrel]
,G775,[Nortriptyline]
,G776,[Nystatin]
,G1232,[Octreotide]
,G778,[Ofloxacin 0.3%  E/E drops]
,G777,[Ofloxacin]
,G779,[Olanzapine]
,G780,[Olmesartan Medoxomil]
,G781,[Olopatadine 0.1% :(EP)]
,G782,[Olopatadine 0.2% :(EP)]
,G783,[Olopatadine 0.6% :(NP)]
,G1234,[Omalizumab]
,G784,[Omega-3 Acid Ethyl Esters]
,G1343,[Omeprazole ; Metronidazole ; Clarithromycin]
,G1362,[Omeprazole 20mg ; Sodium bicarbonate]
,G785,[Omeprazole]
,G786,[Ondansetron]
,G1299,[Oral Cholera Vaccine]
,G787,[Orlistat]
,G788,[Ornidazole]
,G789,[Oseltamivir]
,G790,[Oxaliplatin]
,G791,[Oxaprozin]
,G792,[Oxazepam]
,G793,[Oxcarbazepine]
,G794,[Oxiconazole 1% :(TP)]
,G795,[Oxybuprocaine Hydrochloride 0.4% :(EP)]
,G796,[Oxybutynin Hydrochloride]
,G799,[Oxymetazoline Hydrochloride .025 % :(NP)]
,G800,[Oxymetazoline Hydrochloride .05 % :(NP)]
,G801,[Oxymorphone Hydrochloride]
,G802,[Oxyphencyclimine Hydrochloride]
,G803,[Oxyphenonium Bromide]
,G806,[Oxytetracycline 0.5% ; Polymixin B Sulphate :(E/EP)]
,G807,[Oxytetracycline 3% ; Polymixin B Sulphate 0.013% :(TP)]
,G805,[Oxytetracycline]
,G808,[Oxytocin]
,G809,[Paclitaxel]
,G810,[Palonosetron]
,G811,[Pancreatin]
,G812,[Pancuronium Bromide]
,G813,[Pantoprazole Sodium Sesquihydrate]
,G179,[Paracetamol ; Caffeine]
,G387,[Paracetamol ; DL-Methionine]
,G815,[Paracetamol ; Tramadol Hydrochloride]
,G816,[Paracetamol 1%]
,G814,[Paracetamol]
,G817,[Paricalcitol]
,G818,[Paroxetine]
,G1338,[Pazopanib Hydrochloride]
,G819,[Pefloxacin]
,G820,[Peginterferon Alpha-2a]
,G1236,[Peginterferon Alpha-2b]
,G1237,[Pemetrexed]
,G821,[Pemirolast Potassium 0.1% :(EP)]
,G822,[Pentazocine Hydrochloride]
,G823,[Pentoxifylline]
,G824,[Peppermint Oil]
,G1239,[Perindopril ; Indapamide]
,G825,[Perindopril Erbumine]
,G826,[Permethrin 5% :(TP)]
,G827,[Pethidine Hydrochloride]
,G828,[Pheniramine Maleate]
,G830,[Phenobarbitone Sodium]
,G829,[Phenobarbitone]
,G831,[Phenoxymethyl Penicillin]
,G833,[Phenylephrine Hydrochloride 5% ; Tropicamide 0.8% :(EP)]
,G835,[Phenytoin Sodium]
,G834,[Phenytoin]
,G1241,[Phospolipids]
,G837,[Phytomenadione]
,G839,[Pilocarpine Hydrochloride 1% :(EP)]
,G840,[Pilocarpine Hydrochloride 2 % :(EP)]
,G841,[Pilocarpine Hydrochloride 4% :(EP)]
,G838,[Pilocarpine Hydrochloride]
,G1242,[Pimecrolimus 1% :(TP)]
,G842,[Pioglitazone]
,G1329,[Pipecuronium bromide]
,G843,[Piperacillin ; Tazobactam]
,G844,[Piracetam]
,G845,[Piroxicam]
,G846,[Pitavastatin]
,G847,[Pivmecillinam]
,G848,[Pizotifen]
,G1245,[Pnenmococcal Polysaccharide Conjugated Vaccine]
,G1254,[Pneumococcal polysaccharide unconjugated Vaccine]
,G1247,[Poly (0-2-hydroxyethyl) starch 60g ; Sodium Chloride]
,G1409,[Poly (O-2-hydroxyethyl) starch ; Sodium Chloride]
,G1248,[Poly (O-2-hydroxyethyl) starch 100gm ; Sodium Chlorride]
,G850,[Poly ethylene Glycol 3350 ; Electrolytes]
,G851,[Polyethylene Glycol 400 0.4% ; Propylene Glycol 0.3% :(EP)]
,G1401,[Polyethylene Glycol]
,G1249,[Polytar 1.0 %]
,G853,[Potassium Bicarbonate ; Sodium Alginate]
,G855,[Potassium Chloride ; Rice powder ; Sodium Chloride ; Trisodium Citrate]
,G857,[Potassium Chloride 0.1% ; Sodium Acetate 0.65% ; Sodium Chloride 0.5%]
,G854,[Potassium Chloride]
,G858,[Potassium Citrate]
,G859,[Potassium Guaiacol Sulphonate]
,G860,[Povidone 5% :(EP)]
,G861,[Povidone Iodine 1% ]
,G862,[Povidone Iodine 1.25% :(EP)]
,G863,[Povidone Iodine 10% :(TP)]
,G864,[Povidone Iodine 5% :(TP)]
,G865,[Povidone Iodine 6% :(TP)]
,G866,[Povidone Iodine 7.5% Scrub]
,G867,[Pralidoxime Chloride]
,G868,[Pramipexol]
,G869,[Prasugrel]
,G870,[Prazosin]
,G871,[Precipitated Sulpher 10% ; Salicylic Acid 3%]
,G873,[Prednisolone 1%  :(EP)]
,G1252,[Prednisolone Acetate ; Neomycin Sulphate :(E/EP)]
,G872,[Prednisolone]
,G874,[Pregabalin]
,G875,[Primaquine]
,G876,[Primrose Oil]
,G877,[Prochlorperazine Maleate]
,G878,[Prochlorperazine Mesilate]
,G879,[Procyclidine Hydrochloride]
,G880,[Progesterone]
,G881,[Promethazine Hydrochloride]
,G882,[Promethazine Theoclate]
,G883,[Propafenone Hydrochloride]
,G884,[Propantheline Bromide]
,G885,[Proparacaine Hydrochloride 0.5%]
,G886,[Propofol]
,G887,[Propranolol Hydrochloride]
,G1366,[Protein ; fat ; carbohydrate ; Vitamins ; minerals]
,G890,[Pseudoephedrine Hydrochloride ; Triprolidine Hydrochloride]
,G889,[Pseudoephedrine Hydrochloride]
,G891,[Pyrantel Pamoate]
,G892,[Pyrazinamide]
,G893,[Pyridostigmine]
,G895,[Pyridoxine Hydrochloride ; Riboflavin ; Vitamin B1]
,G894,[Pyridoxine Hydrochloride]
,G897,[Pyrimethamine ; Sulfadoxine]
,G896,[Pyrimethamine]
,G898,[Quetiapine]
,G899,[Quinine Dihydrochloride]
,G900,[Quinine Sulphate]
,G901,[Rabeprazole]
,G1340,[Rabies Immunoglobulin]
,G1258,[Rabies Vaccine]
,G1382,[Racecadotril]
,G902,[Raloxifene Hydrochloride]
,G903,[Ramipril]
,G1260,[Ranibizumab]
,G904,[Ranitidine]
,G905,[Ranolazine]
,G906,[Repaglinide]
,G908,[Rhubarb 5% ; Salicylic Acid 1%]
,G909,[Ribavirin]
,G910,[Riboflavin]
,G911,[Rifampicin]
,G912,[Rifaximin]
,G1385,[Risedronate Sodium ; Calcium]
,G1263,[Risedronate Sodium]
,G914,[Risperidone]
,G915,[Ritodrine Hydrochloride]
,G1266,[Rituximab]
,G1267,[Rivastigmine]
,G917,[Rizatriptan]
,G1268,[Rocuronium Bromide]
,G1350,[Rofecoxib]
,G918,[Roflumilast]
,G919,[Ropinirole]
,G920,[Rosiglitazone]
,G921,[Rosuvastatin]
,G923,[Roxithromycin]
,G924,[Rupatadine]
,G925,[Saccharin Sodium]
,G1269,[Salbutamol]
,G1270,[Salicylic Acid 16.7% ; Lactic Acid 16.7%]
,G928,[Salicylic Acid 6% & 12% :(TP)]
,G1404,[Salmeterol ; Fluticasone Propionate]
,G929,[Salmeterol]
,G1272,[Salmon Calcitonin]
,G932,[Saxagliptin]
,G933,[Secnidazole]
,G934,[Sennosides]
,G935,[Sertraline Hydrochloride]
,G936,[Sevelamer Hydrochloride Carbonate]
,G937,[Sevoflurane]
,G938,[Sibutramine Hydrochloride]
,G939,[Sildenafil]
,G940,[Silver Sulphadiazine 1% :(TP)]
,G1339,[Silymarin]
,G941,[Simethicone]
,G942,[Simvastatin]
,G943,[Sitagliptin]
,G945,[Sodium Bicarbonate 6.6% ; Sodium Chloride 3.1% ; purified water]
,G944,[Sodium Bicarbonate]
,G946,[Sodium Chloride 0.9%]
,G947,[Sodium Chloride 5% :(EP)]
,G949,[Sodium Cromoglycate ; Xylometazoline Hydrochloride]
,G948,[Sodium Cromoglycate 2%  Eye/:(NP)]
,G951,[Sodium Cromoglycate 4%  Eye/:(NP)]
,G952,[Sodium Dichloroisocyanurate]
,G953,[Sodium Fluoride 0.022%]
,G1278,[Sodium Fusidate 2% :(TP)]
,G956,"[Sodium Hyaluronate 0.1%, 0.2% :(EP)]"
,G955,[Sodium Hyaluronate]
,G961,[Sodium Thiosulfate]
,G962,[Sodium Valproate]
,G1400,[Sofosbuvir]
,G963,[Solifenacin Succinate]
,G1280,[Somatostatin]
,G1281,[Somatropin]
,G965,[Sotalol Hydrochloride]
,G966,[Sparfloxacin]
,G967,[Spectinomycin]
,G968,[Spiramycine]
,G969,[Spironolactone]
,G970,[Streptokinase]
,G971,[Streptomycin]
,G972,[Strontium Renalate]
,G973,[Sucralfate]
,G974,[Sucralose]
,G975,[Sulfasalazine]
,G976,[Sulfinpyrazone]
,G977,[Sulindac]
,G978,[Sulphacetamide Sodium 10% :(EP)]
,G979,[Sulphacetamide Sodium 20% :(EP)]
,G982,[Sulphamethoxazole ; Trimethoprim]
,G1367,[Sulphonated Surfactant]
,G983,[Sumatriptan]
,G985,[Suxamethonium Chloride]
,G986,"[Tacrolimus 0.1%, 0.03% :(TP)]"
,G987,[Tadalafil]
,G988,[Tamoxifen]
,G1397,[Tamsulosin ; Dutasteride]
,G989,[Tamsulosin Hydrochloride]
,G990,[Tapentadol]
,G991,[Tazarotene 0.1% :(TP)]
,G992,[Tegaserod]
,G993,[Teicoplanin]
,G1283,[Telbivudine]
,G994,[Telmisartan]
,G996,[Temozolomide Hydrochloride]
,G997,[Tenofovir Disoproxil Fumarate]
,G998,[Tenoxicam]
,G999,[Terazosin]
,G1001,[Terbinafine 1% :(TP)]
,G1000,[Terbinafine]
,G1002,[Terbutaline Sulphate]
,G1359,[Terfenadine]
,G1004,[Testosterone 1% :(TP)]
,G1005,[Testosterone Decanoate ; Testosterone Isocaproate ; Testosterone Phenyl propionate ; Testosterone Propionate]
,G1284,[Testosterone Enanthate]
,G1285,[Testosterone Undecanoate]
,G1286,[Tetanus Antitoxin]
,G1178,[Tetanus Immunoglobulin]
,G1256,[Tetanus toxoid Vaccine]
,G1007,[Tetracycline Hydrochloride 1% :(EP)]
,G1006,[Tetracycline Hydrochloride]
,G1009,[Theophylline]
,G1010,[Thiamine Hydrochloride]
,G1011,[Thiopentone Sodium]
,G1287,[Thioridazine hydrochloride]
,G645,[Thyroxine ; Levothyroxine Sodium]
,G1012,[Tibolone]
,G1398,[Ticagrelor]
,G1014,[Tiemonium Methylsulphate]
,G1015,[Tigecycline]
,G1289,[Timolol Maleate :(EP)]
,G1016,[Timolol Maleate 0.25% :(EP)]
,G1017,[Timolol Maleate 0.5% :(EP)]
,G1018,[Timolol Maleate 0.5% ; Travoprost 0.004% :(EP)]
,G1019,[Tinidazole]
,G1021,[Tioconazole 1% :(TP)]
,G1020,[Tioconazole]
,G1022,[Tiotropium]
,G1023,[Tizanidine]
,G1024,[Tobramycin 0.3% :(EP)]
,G1412,[Tobramycin]
,G1291,[Tocilizumab]
,G1025,[Tolfenamic Acid]
,G1027,[Tolnaftate 1% :(TP)]
,G1028,[Tolperisone Hydrochloride]
,G1029,[Tolterodine Tartrate]
,G1030,[Topiramate]
,G1031,[Torasemide]
,G1032,[Tramadol Hydrochloride]
,G1033,[Tranexamic Acid]
,G1034,[Trastuzumab]
,G1035,[Travoprost 0.004% :(EP)]
,G1036,[Tretinoin :(TP)]
,G1292,[Tretinoin]
,G1374,[Triamcinolone Acetonide :(InP)]
,G1038,[Triamcinolone Acetonide :(MP)]
,G1376,[Triamcinolone Acetonide :(NP)]
,G1375,[Triamcinolone Acetonide 0.1% :(TP)]
,G1037,[Triamcinolone Acetonide]
,G1039,[Trifluoperazine]
,G1040,[Trifluridine 1% :(EP)]
,G1041,[Trihexyphenidyl Hydrochloride]
,G1042,[Trimebutine Maleate]
,G1043,[Trimetazidine Dihydrochloride]
,G1046,[Tropicamide 0.5% :(EP)]
,G1047,[Tropicamide 1% :(EP)]
,G1048,[Tulobuterol Hydrochloride]
,G1257,[Typhoid polysaccharide Vaccine]
,G1049,[Ulipristal Acetate]
,G1050,[Urea 10%]
,G1052,[Ursodeoxycholic Acid]
,G1053,[Valacyclovir]
,G1346,[Valdecoxib]
,G1054,[Valsartan]
,G1055,[Vancomycin]
,G1209,[Varicella Virus Vaccine]
,G1056,[Vecuronium Bromide]
,G1057,[Venlafaxine]
,G1058,[Verapamil Hydrochloride]
,G1297,[Verteporfin]
,G1300,[Vildagliptin ; Metformin HCl]
,G1059,[Vildagliptin]
,G1330,[Vinblastine]
,G1406,[Vincristine Sulfate :( inj)]
,G1301,[Vincristine Sulphate]
,G1061,[Vinpocetine]
,G89,[Vitamin (A ; C ; E ; K) ; Copper ; Zinc ; Manganese ; Selenium]
,G1354,[Vitamin (A ; D ; B1 ; B2 ; B6 ; C ; E) ; Nicotinamide ; Cod liver oil]
,G1062,[Vitamin A ; D ; C ; Vitamin B-complex :(PP)]
,G1063,[Vitamin A ; Vitamin-B complex ; Vitamin-C ; Vitamin-D ; Vitamin E :(IVP)]
,G1355,[Vitamin A palmitate Carbomer 980 :(EP)]
,G1381,[Vitamin A palmitate Carbomer 980 ; Polyvidone ; Electrolytes :(EP)]
,G87,[Vitamin A]
,G81,[Vitamin B complex ; Vitamin C]
,G761,[Vitamin B complex]
,G1348,[Vitamin B1 ; Vitamin B2 ; Nicotinamide ; Vitamin B6 ; Pantothenic Acid ; Vitamin C ; Biotin ; Folic Acid ; Vitamin B12]
,G307,[Vitamin B1 ; Vitamin B6 ; Vitamin B12]
,G758,[Vitamin B-complex ; Zinc]
,G1065,[Vitamin C ; Vitamin E ; Zinc ; Beta carotene]
,G1064,[Vitamin C ; Vitamin E]
,G88,[Vitamin C]
,G1066,[Vitamin E]
,G1405,[Vitamin-B Complex ; Vitamin-C ; Folic Acid]
,G313,[Vitaminmin B Complex Inj.]
,G1068,[Warfarin Sodium]
,G1069,[Xylometazoline Hydrochloride 0.05% :(NP)]
,G1070,[Xylometazoline Hydrochloride 0.1% :(NP)]
,G1302,[Yellow fever Virus Vaccine]
,G1071,[Zafirlukast]
,G1072,[Zaleplone]
,G1076,[Zinc Oxide ; Castor oil :(TP)]
,G1075,[Zinc Oxide 40% :(TP)]
,G1074,[Zinc Sulphate Monohydrate]
,G1077,[Ziprasidone]
,G1078,[Zolendronic Acid]
,G1079,[Zolmitriptan]
,G1081,[Zolpidem Tartrate]
,G1082,[Zopiclone]
,G1305,[Zuclopenthixol]
